<?xml version="1.0" encoding="utf-8"?> <?xml-stylesheet type="text/xsl" href="http://www.sitecore.net/licenseviewer/license.xsl"?><signedlicense id="20190104055258"><Signature><SignedInfo xmlns="http://www.w3.org/2000/09/xmldsig#"><CanonicalizationMethod Algorithm="http://www.w3.org/TR/2001/REC-xml-c14n-20010315" /><SignatureMethod Algorithm="http://www.w3.org/2000/09/xmldsig#rsa-sha1" /><Reference URI="#SiteCore.License"><DigestMethod Algorithm="http://www.w3.org/2000/09/xmldsig#sha1" /><DigestValue>2TJEibmb8o79itSGDR1fR3VId8I=</DigestValue></Reference></SignedInfo><SignatureValue xmlns="http://www.w3.org/2000/09/xmldsig#">QjEcHrCM2juhIcUsIfC135UOnL+iMUzl6l7tfjLjEetjG4cQ2Ns3zDIR27rtY80ZrZZqSvMJxfoiFZPXfxX0MMDrpwzHOusqqNqGhMEpiyriTm9/TDIMny/vkaQ7JQuYZV9ZK3Ced7G+42DHC56+Jhm0bK/WishiA12dsnSAx/U=</SignatureValue><KeyInfo xmlns="http://www.w3.org/2000/09/xmldsig#"><KeyValue><RSAKeyValue><Modulus>wRSGFs73V0JMKVVRCX9pEVmluvNojvtDvzHduZ+pX458q9THGbti8zEty6ydF7nxVFCRriONFm6w+PtcZhRT+eXMb21jzY6biII4BXdh91BmVZ96FyYROMnHS6zjfK7+oDbsVV8XWkZ11DiHa+9wySxQcc4fBd23xGYpo52p2fc=</Modulus><Exponent>AQAB</Exponent></RSAKeyValue></KeyValue></KeyInfo><Object Id="SiteCore.License" xmlns="http://www.w3.org/2000/09/xmldsig#"><license xmlns=""><id>20190104055258</id><expiration>20190304T000000</expiration><version>9</version><urls>?</urls><licensee>Sitecore Training License</licensee><companyno /><purpose /><address /><countryiso>DK</countryiso><country>Denmark</country><reseller /><resellerurl /><licenseagreement id="{41192D07-0B58-4957-BEBB-C4BEEAC3878A}" title="License Agreement"><![CDATA[Your usage rights to the Sitecore Software are as set forth in your license agreement with Sitecore.]]></licenseagreement></license></Object></Signature><Signature><SignedInfo xmlns="http://www.w3.org/2000/09/xmldsig#"><CanonicalizationMethod Algorithm="http://www.w3.org/TR/2001/REC-xml-c14n-20010315" /><SignatureMethod Algorithm="http://www.w3.org/2000/09/xmldsig#rsa-sha1" /><Reference URI="#Sitecore.AdaptivePrint"><DigestMethod Algorithm="http://www.w3.org/2000/09/xmldsig#sha1" /><DigestValue>DCvn5lECEqmVpY+Hwbrr6DEbSww=</DigestValue></Reference></SignedInfo><SignatureValue xmlns="http://www.w3.org/2000/09/xmldsig#">EGPDGKHyVVwGR+8GLCso2DZOX8zOuQvHk0cI09d0vplAjDxLCdt/YS1/vvrCSrLLYZYkzSpXQ6PXqWl8ZVoWcMlATTaehO5Z/ce8TmcEIJlu7t4iuf14eNYm3c+QIBlYR5LHqNgpxfMntUsdUT6qhYscjAkGakj5UM8t5Rq4bX8=</SignatureValue><KeyInfo xmlns="http://www.w3.org/2000/09/xmldsig#"><KeyValue><RSAKeyValue><Modulus>wRSGFs73V0JMKVVRCX9pEVmluvNojvtDvzHduZ+pX458q9THGbti8zEty6ydF7nxVFCRriONFm6w+PtcZhRT+eXMb21jzY6biII4BXdh91BmVZ96FyYROMnHS6zjfK7+oDbsVV8XWkZ11DiHa+9wySxQcc4fBd23xGYpo52p2fc=</Modulus><Exponent>AQAB</Exponent></RSAKeyValue></KeyValue></KeyInfo><Object Id="Sitecore.AdaptivePrint" xmlns="http://www.w3.org/2000/09/xmldsig#"><module xmlns=""><idref>20190104055258</idref><name>Sitecore.AdaptivePrint</name><count>1</count><expiration>20190304T000000</expiration><version>9</version><comment /><licenseagreement>?</licenseagreement></module></Object></Signature><Signature><SignedInfo xmlns="http://www.w3.org/2000/09/xmldsig#"><CanonicalizationMethod Algorithm="http://www.w3.org/TR/2001/REC-xml-c14n-20010315" /><SignatureMethod Algorithm="http://www.w3.org/2000/09/xmldsig#rsa-sha1" /><Reference URI="#Sitecore.AnyMTA"><DigestMethod Algorithm="http://www.w3.org/2000/09/xmldsig#sha1" /><DigestValue>QhnF6ji4ld/TbGWpO9r/lGfP6fI=</DigestValue></Reference></SignedInfo><SignatureValue xmlns="http://www.w3.org/2000/09/xmldsig#">Zy9ke20YNHlBTtd6lMXSvblR1kZvSBKYb0fkFvCTUSGhNU9w5Pqfn3M4Prv8RKfZEUqPY4T8gSgVBeisXuohqxpC3O737xYsxy57Ybfh4pqINSUnkhkQ3nn/ebyzHndTXrDGonVGDs+FjjqRUM/bQ2Fm8IYzT4O1ZP41cwphdQc=</SignatureValue><KeyInfo xmlns="http://www.w3.org/2000/09/xmldsig#"><KeyValue><RSAKeyValue><Modulus>wRSGFs73V0JMKVVRCX9pEVmluvNojvtDvzHduZ+pX458q9THGbti8zEty6ydF7nxVFCRriONFm6w+PtcZhRT+eXMb21jzY6biII4BXdh91BmVZ96FyYROMnHS6zjfK7+oDbsVV8XWkZ11DiHa+9wySxQcc4fBd23xGYpo52p2fc=</Modulus><Exponent>AQAB</Exponent></RSAKeyValue></KeyValue></KeyInfo><Object Id="Sitecore.AnyMTA" xmlns="http://www.w3.org/2000/09/xmldsig#"><module xmlns=""><idref>20190104055258</idref><name>Sitecore.AnyMTA</name><count>1</count><expiration>20190304T000000</expiration><version>9</version><comment /><licenseagreement>?</licenseagreement></module></Object></Signature><Signature><SignedInfo xmlns="http://www.w3.org/2000/09/xmldsig#"><CanonicalizationMethod Algorithm="http://www.w3.org/TR/2001/REC-xml-c14n-20010315" /><SignatureMethod Algorithm="http://www.w3.org/2000/09/xmldsig#rsa-sha1" /><Reference URI="#Sitecore.Automation"><DigestMethod Algorithm="http://www.w3.org/2000/09/xmldsig#sha1" /><DigestValue>X7divcTW2ws/A0JtgKYXCsYb8SA=</DigestValue></Reference></SignedInfo><SignatureValue xmlns="http://www.w3.org/2000/09/xmldsig#">giFS7NDUu4xw0wDZYmxXdUC/pcvvD5SwgvI2RfbRbG0TFplrch3evEaDMvD+uKq5kuXF5veTDwbiYoFhsBEAqjp0ff6dMm8sLJZpHKNFT5LnFYbWkwVyWyoG1wWenjBE/rpACGTCkcKJmYH8tfaARSRZebSQPQrHnx3uoEK9OBw=</SignatureValue><KeyInfo xmlns="http://www.w3.org/2000/09/xmldsig#"><KeyValue><RSAKeyValue><Modulus>wRSGFs73V0JMKVVRCX9pEVmluvNojvtDvzHduZ+pX458q9THGbti8zEty6ydF7nxVFCRriONFm6w+PtcZhRT+eXMb21jzY6biII4BXdh91BmVZ96FyYROMnHS6zjfK7+oDbsVV8XWkZ11DiHa+9wySxQcc4fBd23xGYpo52p2fc=</Modulus><Exponent>AQAB</Exponent></RSAKeyValue></KeyValue></KeyInfo><Object Id="Sitecore.Automation" xmlns="http://www.w3.org/2000/09/xmldsig#"><module xmlns=""><idref>20190104055258</idref><name>Sitecore.Automation</name><count>1</count><expiration>20190304T000000</expiration><version>9</version><comment /><licenseagreement>?</licenseagreement></module></Object></Signature><Signature><SignedInfo xmlns="http://www.w3.org/2000/09/xmldsig#"><CanonicalizationMethod Algorithm="http://www.w3.org/TR/2001/REC-xml-c14n-20010315" /><SignatureMethod Algorithm="http://www.w3.org/2000/09/xmldsig#rsa-sha1" /><Reference URI="#Sitecore.Azure.DeploymentInstallation"><DigestMethod Algorithm="http://www.w3.org/2000/09/xmldsig#sha1" /><DigestValue>cRbHOm+e0YRQ5yWw+o7rbhKPm5I=</DigestValue></Reference></SignedInfo><SignatureValue xmlns="http://www.w3.org/2000/09/xmldsig#">cr5VPcBkh8CRRfrSDlSgJHM3LvfYt0G04dwE7doGtJSi3Oblr+ZZ6WemttoxQ5m+rdd+8kXPrIrTPgEfs14nVpdraWT389X8z9tQYaU/3V9bIlsc+WOzJfg1bkqifNTUGbXBvz+KXZQb1+jIaDBuFshefmoe60fkp5nN9G7nrOg=</SignatureValue><KeyInfo xmlns="http://www.w3.org/2000/09/xmldsig#"><KeyValue><RSAKeyValue><Modulus>wRSGFs73V0JMKVVRCX9pEVmluvNojvtDvzHduZ+pX458q9THGbti8zEty6ydF7nxVFCRriONFm6w+PtcZhRT+eXMb21jzY6biII4BXdh91BmVZ96FyYROMnHS6zjfK7+oDbsVV8XWkZ11DiHa+9wySxQcc4fBd23xGYpo52p2fc=</Modulus><Exponent>AQAB</Exponent></RSAKeyValue></KeyValue></KeyInfo><Object Id="Sitecore.Azure.DeploymentInstallation" xmlns="http://www.w3.org/2000/09/xmldsig#"><module xmlns=""><idref>20190104055258</idref><name>Sitecore.Azure.DeploymentInstallation</name><count>1</count><expiration>20190304T000000</expiration><version>9</version><comment /><licenseagreement>?</licenseagreement></module></Object></Signature><Signature><SignedInfo xmlns="http://www.w3.org/2000/09/xmldsig#"><CanonicalizationMethod Algorithm="http://www.w3.org/TR/2001/REC-xml-c14n-20010315" /><SignatureMethod Algorithm="http://www.w3.org/2000/09/xmldsig#rsa-sha1" /><Reference URI="#Sitecore.Azure.EnablementInstallation"><DigestMethod Algorithm="http://www.w3.org/2000/09/xmldsig#sha1" /><DigestValue>cD+j6+HCAxorXCsT1yz3t+iewWs=</DigestValue></Reference></SignedInfo><SignatureValue xmlns="http://www.w3.org/2000/09/xmldsig#">LCU2kJbWNryN8jS1qbt/59ODyUDrp2JKpDdKVy+hbqVK5UUHMeMZKkqbiPER6ex2lgnTqA1mPNNulBMzYQpzsyqmAUng6r3NwjMnQDa67WZS87V30fJOe32KkcDabaKHEvj0jmhTqpUQBRxaA0R4xGgnqvx/mkLaKvffD8AJGx4=</SignatureValue><KeyInfo xmlns="http://www.w3.org/2000/09/xmldsig#"><KeyValue><RSAKeyValue><Modulus>wRSGFs73V0JMKVVRCX9pEVmluvNojvtDvzHduZ+pX458q9THGbti8zEty6ydF7nxVFCRriONFm6w+PtcZhRT+eXMb21jzY6biII4BXdh91BmVZ96FyYROMnHS6zjfK7+oDbsVV8XWkZ11DiHa+9wySxQcc4fBd23xGYpo52p2fc=</Modulus><Exponent>AQAB</Exponent></RSAKeyValue></KeyValue></KeyInfo><Object Id="Sitecore.Azure.EnablementInstallation" xmlns="http://www.w3.org/2000/09/xmldsig#"><module xmlns=""><idref>20190104055258</idref><name>Sitecore.Azure.EnablementInstallation</name><count>1</count><expiration>20190304T000000</expiration><version>9</version><comment /><licenseagreement>?</licenseagreement></module></Object></Signature><Signature><SignedInfo xmlns="http://www.w3.org/2000/09/xmldsig#"><CanonicalizationMethod Algorithm="http://www.w3.org/TR/2001/REC-xml-c14n-20010315" /><SignatureMethod Algorithm="http://www.w3.org/2000/09/xmldsig#rsa-sha1" /><Reference URI="#Sitecore.Calendar"><DigestMethod Algorithm="http://www.w3.org/2000/09/xmldsig#sha1" /><DigestValue>t9c87nWav01BSDu6NhogesL7Rrc=</DigestValue></Reference></SignedInfo><SignatureValue xmlns="http://www.w3.org/2000/09/xmldsig#">tj4VqDu+OINWYWoXDdaakY9eZjOu0Xz4f6dtgvsynIbDltVtZIDnrkvMhBevSPvWl74pW49Y6NW5U60OrLHYY+HPYquflCYFhw1/XdCbT/hmrWp8wdiaqVNCo7hO+IvDF/ieDqNq6tKy7e8OK7cTsWfzDlZ+YKa7W6nKkX1KU9w=</SignatureValue><KeyInfo xmlns="http://www.w3.org/2000/09/xmldsig#"><KeyValue><RSAKeyValue><Modulus>wRSGFs73V0JMKVVRCX9pEVmluvNojvtDvzHduZ+pX458q9THGbti8zEty6ydF7nxVFCRriONFm6w+PtcZhRT+eXMb21jzY6biII4BXdh91BmVZ96FyYROMnHS6zjfK7+oDbsVV8XWkZ11DiHa+9wySxQcc4fBd23xGYpo52p2fc=</Modulus><Exponent>AQAB</Exponent></RSAKeyValue></KeyValue></KeyInfo><Object Id="Sitecore.Calendar" xmlns="http://www.w3.org/2000/09/xmldsig#"><module xmlns=""><idref>20190104055258</idref><name>Sitecore.Calendar</name><count>1</count><expiration>20190304T000000</expiration><version>9</version><comment /><licenseagreement>?</licenseagreement></module></Object></Signature><Signature><SignedInfo xmlns="http://www.w3.org/2000/09/xmldsig#"><CanonicalizationMethod Algorithm="http://www.w3.org/TR/2001/REC-xml-c14n-20010315" /><SignatureMethod Algorithm="http://www.w3.org/2000/09/xmldsig#rsa-sha1" /><Reference URI="#Sitecore.Commerce.Connect"><DigestMethod Algorithm="http://www.w3.org/2000/09/xmldsig#sha1" /><DigestValue>GdiYVhKRDWZFnn172KpZyH4uyLQ=</DigestValue></Reference></SignedInfo><SignatureValue xmlns="http://www.w3.org/2000/09/xmldsig#">ZO9XZEVCYeMHZnD6Tpdbh6OkSMMzHWZ4hgQr3/IgQj7wYv6ZucGiRICgU0jPhhpkXZGrcwFVGnIVaYCmh+DUEJVGRzQaG5je+JAxOTTbhJikroSOh0SS8MjNSCJdail+cOCrbbqbcjRISY2gTYTIo4wU6Te/pwwvjxEFYQsvrK8=</SignatureValue><KeyInfo xmlns="http://www.w3.org/2000/09/xmldsig#"><KeyValue><RSAKeyValue><Modulus>wRSGFs73V0JMKVVRCX9pEVmluvNojvtDvzHduZ+pX458q9THGbti8zEty6ydF7nxVFCRriONFm6w+PtcZhRT+eXMb21jzY6biII4BXdh91BmVZ96FyYROMnHS6zjfK7+oDbsVV8XWkZ11DiHa+9wySxQcc4fBd23xGYpo52p2fc=</Modulus><Exponent>AQAB</Exponent></RSAKeyValue></KeyValue></KeyInfo><Object Id="Sitecore.Commerce.Connect" xmlns="http://www.w3.org/2000/09/xmldsig#"><module xmlns=""><idref>20190104055258</idref><name>Sitecore.Commerce.Connect</name><count>1</count><expiration>20190304T000000</expiration><version>9</version><comment /><licenseagreement>?</licenseagreement></module></Object></Signature><Signature><SignedInfo xmlns="http://www.w3.org/2000/09/xmldsig#"><CanonicalizationMethod Algorithm="http://www.w3.org/TR/2001/REC-xml-c14n-20010315" /><SignatureMethod Algorithm="http://www.w3.org/2000/09/xmldsig#rsa-sha1" /><Reference URI="#Sitecore.Commerce.ConnectPartner"><DigestMethod Algorithm="http://www.w3.org/2000/09/xmldsig#sha1" /><DigestValue>SbmkbeNdZMVo69l65e395apgtJg=</DigestValue></Reference></SignedInfo><SignatureValue xmlns="http://www.w3.org/2000/09/xmldsig#">nx0rGMqjZXHOPrsO6zc3xTtJoDmQ9cjCkbaoKu1scFWHXhcQ3ipCQW8uibFa+kbRNkuR1KIi1nQYyCzjkDkhZVGbI5J/Edc6EeDVsZMMs20t2zMZwF0rMmokGSzvf2TQ9Ck5Z+dox/wC0iXtofdIxne3dYpeKpg5gL2s3uwufQg=</SignatureValue><KeyInfo xmlns="http://www.w3.org/2000/09/xmldsig#"><KeyValue><RSAKeyValue><Modulus>wRSGFs73V0JMKVVRCX9pEVmluvNojvtDvzHduZ+pX458q9THGbti8zEty6ydF7nxVFCRriONFm6w+PtcZhRT+eXMb21jzY6biII4BXdh91BmVZ96FyYROMnHS6zjfK7+oDbsVV8XWkZ11DiHa+9wySxQcc4fBd23xGYpo52p2fc=</Modulus><Exponent>AQAB</Exponent></RSAKeyValue></KeyValue></KeyInfo><Object Id="Sitecore.Commerce.ConnectPartner" xmlns="http://www.w3.org/2000/09/xmldsig#"><module xmlns=""><idref>20190104055258</idref><name>Sitecore.Commerce.ConnectPartner</name><count>1</count><expiration>20190304T000000</expiration><version>9</version><comment /><licenseagreement>?</licenseagreement></module></Object></Signature><Signature><SignedInfo xmlns="http://www.w3.org/2000/09/xmldsig#"><CanonicalizationMethod Algorithm="http://www.w3.org/TR/2001/REC-xml-c14n-20010315" /><SignatureMethod Algorithm="http://www.w3.org/2000/09/xmldsig#rsa-sha1" /><Reference URI="#Sitecore.CommerceServer.Integrated"><DigestMethod Algorithm="http://www.w3.org/2000/09/xmldsig#sha1" /><DigestValue>8K8FfTh+up9x7WdQLzAAynupmug=</DigestValue></Reference></SignedInfo><SignatureValue xmlns="http://www.w3.org/2000/09/xmldsig#">KUZrj0pKOQJTGN3IU+dsD2FZMg4cceKUhbidgKPZHlOgbyQQBLrA1PNF7bx00gAEqSHBeEpptQI++BTITeyNkMjS+9h0XnJHbX3ToOtXnLalLdJF7WtmNBkcjE8N9HIxQ35uVnOKqe7tgVJ3A6UBt6xz4/R6bPJxbTDYkqoMjRY=</SignatureValue><KeyInfo xmlns="http://www.w3.org/2000/09/xmldsig#"><KeyValue><RSAKeyValue><Modulus>wRSGFs73V0JMKVVRCX9pEVmluvNojvtDvzHduZ+pX458q9THGbti8zEty6ydF7nxVFCRriONFm6w+PtcZhRT+eXMb21jzY6biII4BXdh91BmVZ96FyYROMnHS6zjfK7+oDbsVV8XWkZ11DiHa+9wySxQcc4fBd23xGYpo52p2fc=</Modulus><Exponent>AQAB</Exponent></RSAKeyValue></KeyValue></KeyInfo><Object Id="Sitecore.CommerceServer.Integrated" xmlns="http://www.w3.org/2000/09/xmldsig#"><module xmlns=""><idref>20190104055258</idref><name>Sitecore.CommerceServer.Integrated</name><count>1</count><expiration>20190304T000000</expiration><version>9</version><comment /><licenseagreement>?</licenseagreement></module></Object></Signature><Signature><SignedInfo xmlns="http://www.w3.org/2000/09/xmldsig#"><CanonicalizationMethod Algorithm="http://www.w3.org/TR/2001/REC-xml-c14n-20010315" /><SignatureMethod Algorithm="http://www.w3.org/2000/09/xmldsig#rsa-sha1" /><Reference URI="#Sitecore.CommerceServer.ProdManagement"><DigestMethod Algorithm="http://www.w3.org/2000/09/xmldsig#sha1" /><DigestValue>BIumRKkurc/oNMVziunKvkQEDxQ=</DigestValue></Reference></SignedInfo><SignatureValue xmlns="http://www.w3.org/2000/09/xmldsig#">DcFJpvhCfPbKqe+Qfr9SHELWZGzsMNzxfXc2c/kdaXZiq4r+JNWFZV85qBPNPmGx/XENI54qMINzMUNzHGl/7MoywqJD9kbFzmrVExLHFnf0+aPsj2L9vuy/BG8BoOF7hSr5ufaWfqM+9KZcnpayVokg6JPbV1wiEIVBcSAEEfE=</SignatureValue><KeyInfo xmlns="http://www.w3.org/2000/09/xmldsig#"><KeyValue><RSAKeyValue><Modulus>wRSGFs73V0JMKVVRCX9pEVmluvNojvtDvzHduZ+pX458q9THGbti8zEty6ydF7nxVFCRriONFm6w+PtcZhRT+eXMb21jzY6biII4BXdh91BmVZ96FyYROMnHS6zjfK7+oDbsVV8XWkZ11DiHa+9wySxQcc4fBd23xGYpo52p2fc=</Modulus><Exponent>AQAB</Exponent></RSAKeyValue></KeyValue></KeyInfo><Object Id="Sitecore.CommerceServer.ProdManagement" xmlns="http://www.w3.org/2000/09/xmldsig#"><module xmlns=""><idref>20190104055258</idref><name>Sitecore.CommerceServer.ProdManagement</name><count>1</count><expiration>20190304T000000</expiration><version>9</version><comment /><licenseagreement>?</licenseagreement></module></Object></Signature><Signature><SignedInfo xmlns="http://www.w3.org/2000/09/xmldsig#"><CanonicalizationMethod Algorithm="http://www.w3.org/TR/2001/REC-xml-c14n-20010315" /><SignatureMethod Algorithm="http://www.w3.org/2000/09/xmldsig#rsa-sha1" /><Reference URI="#Sitecore.CommerceServer.Runtime"><DigestMethod Algorithm="http://www.w3.org/2000/09/xmldsig#sha1" /><DigestValue>95Qxm8ZevQS85BdFEa6zIOUVOKc=</DigestValue></Reference></SignedInfo><SignatureValue xmlns="http://www.w3.org/2000/09/xmldsig#">XhVrQ8UVqjhUlsSh4r7S40q94gJdgGiNJNSFZC2fRSChIOfZ1olUCcAkb1rLAJ4qkEHK/DsuzQ3/dvE+OWVAKYGdQs8uxWL05T57TpcN8g835OmaujIe0Ybsw6I+D+qR9OCXAs/b8nmWBhrKxixjUIp+8XypNOYBFcFMpePn7LM=</SignatureValue><KeyInfo xmlns="http://www.w3.org/2000/09/xmldsig#"><KeyValue><RSAKeyValue><Modulus>wRSGFs73V0JMKVVRCX9pEVmluvNojvtDvzHduZ+pX458q9THGbti8zEty6ydF7nxVFCRriONFm6w+PtcZhRT+eXMb21jzY6biII4BXdh91BmVZ96FyYROMnHS6zjfK7+oDbsVV8XWkZ11DiHa+9wySxQcc4fBd23xGYpo52p2fc=</Modulus><Exponent>AQAB</Exponent></RSAKeyValue></KeyValue></KeyInfo><Object Id="Sitecore.CommerceServer.Runtime" xmlns="http://www.w3.org/2000/09/xmldsig#"><module xmlns=""><idref>20190104055258</idref><name>Sitecore.CommerceServer.Runtime</name><count>1</count><expiration>20190304T000000</expiration><version>9</version><comment /><licenseagreement>?</licenseagreement></module></Object></Signature><Signature><SignedInfo xmlns="http://www.w3.org/2000/09/xmldsig#"><CanonicalizationMethod Algorithm="http://www.w3.org/TR/2001/REC-xml-c14n-20010315" /><SignatureMethod Algorithm="http://www.w3.org/2000/09/xmldsig#rsa-sha1" /><Reference URI="#SiteCore.ContentManager"><DigestMethod Algorithm="http://www.w3.org/2000/09/xmldsig#sha1" /><DigestValue>4/dKEX55lEsaBgQ9AEKMKdcBlx4=</DigestValue></Reference></SignedInfo><SignatureValue xmlns="http://www.w3.org/2000/09/xmldsig#">rfIiO6RhB+32lTQ83n+VixvSTgGJXbicXg/2YBPMAB8tQdbdlYbvYwIxMHvusXNYGhg8Nn5zKF05s3/w/kwIrwK3rcJPSTeC4pGQs7E0nNQlglv6zI4yIz/I0RD2IGFxOnqkxYa1AIAuCZxwUKD2g7HkDXit1vQ4ReMg7/ox6xM=</SignatureValue><KeyInfo xmlns="http://www.w3.org/2000/09/xmldsig#"><KeyValue><RSAKeyValue><Modulus>wRSGFs73V0JMKVVRCX9pEVmluvNojvtDvzHduZ+pX458q9THGbti8zEty6ydF7nxVFCRriONFm6w+PtcZhRT+eXMb21jzY6biII4BXdh91BmVZ96FyYROMnHS6zjfK7+oDbsVV8XWkZ11DiHa+9wySxQcc4fBd23xGYpo52p2fc=</Modulus><Exponent>AQAB</Exponent></RSAKeyValue></KeyValue></KeyInfo><Object Id="SiteCore.ContentManager" xmlns="http://www.w3.org/2000/09/xmldsig#"><module xmlns=""><idref>20190104055258</idref><name>SiteCore.ContentManager</name><count>1</count><expiration>20190304T000000</expiration><version>9</version><comment /><licenseagreement>?</licenseagreement></module></Object></Signature><Signature><SignedInfo xmlns="http://www.w3.org/2000/09/xmldsig#"><CanonicalizationMethod Algorithm="http://www.w3.org/TR/2001/REC-xml-c14n-20010315" /><SignatureMethod Algorithm="http://www.w3.org/2000/09/xmldsig#rsa-sha1" /><Reference URI="#SiteCore.Developer"><DigestMethod Algorithm="http://www.w3.org/2000/09/xmldsig#sha1" /><DigestValue>AoiA7jKyjDOZncfLkI6JOZFBjMg=</DigestValue></Reference></SignedInfo><SignatureValue xmlns="http://www.w3.org/2000/09/xmldsig#">vAa5i43TaZEVF9KXhNr4mqcqo1ZzdrgFAA9oYzEg1+06UCwtJpHodbnRy3vr6MXvwOXPQMtZauECobnGScfmKOCx9ynA0jQS/CYya64eCs3bVyn+W2p37rROoN67A6Bz4fclaRbN3C+M9GOvv5uX4PY4aSMWI4cnUpclN2d2yqI=</SignatureValue><KeyInfo xmlns="http://www.w3.org/2000/09/xmldsig#"><KeyValue><RSAKeyValue><Modulus>wRSGFs73V0JMKVVRCX9pEVmluvNojvtDvzHduZ+pX458q9THGbti8zEty6ydF7nxVFCRriONFm6w+PtcZhRT+eXMb21jzY6biII4BXdh91BmVZ96FyYROMnHS6zjfK7+oDbsVV8XWkZ11DiHa+9wySxQcc4fBd23xGYpo52p2fc=</Modulus><Exponent>AQAB</Exponent></RSAKeyValue></KeyValue></KeyInfo><Object Id="SiteCore.Developer" xmlns="http://www.w3.org/2000/09/xmldsig#"><module xmlns=""><idref>20190104055258</idref><name>SiteCore.Developer</name><count>10000</count><expiration>20190304T000000</expiration><version>9</version><comment /><licenseagreement>?</licenseagreement></module></Object></Signature><Signature><SignedInfo xmlns="http://www.w3.org/2000/09/xmldsig#"><CanonicalizationMethod Algorithm="http://www.w3.org/TR/2001/REC-xml-c14n-20010315" /><SignatureMethod Algorithm="http://www.w3.org/2000/09/xmldsig#rsa-sha1" /><Reference URI="#Sitecore.Domain"><DigestMethod Algorithm="http://www.w3.org/2000/09/xmldsig#sha1" /><DigestValue>DvD5PClBHulMRry6Pbi3kHqfjBE=</DigestValue></Reference></SignedInfo><SignatureValue xmlns="http://www.w3.org/2000/09/xmldsig#">HnvPAmbksC7Nh0Z7eCmmAu+ucOmNq3ElBAaXTwYk4+0IZNz2UeriwdIDx+kTqm2JIL/I+s5MXfmmqGdNOaJ6YDq5FoQKUhEnU0KSgSfVxmBTOf3zN6Ope4QOEaseXogPAAL0qxirrVSUUDXsxBX0cx+JAyj7NKSOXzbNJAdnn3o=</SignatureValue><KeyInfo xmlns="http://www.w3.org/2000/09/xmldsig#"><KeyValue><RSAKeyValue><Modulus>wRSGFs73V0JMKVVRCX9pEVmluvNojvtDvzHduZ+pX458q9THGbti8zEty6ydF7nxVFCRriONFm6w+PtcZhRT+eXMb21jzY6biII4BXdh91BmVZ96FyYROMnHS6zjfK7+oDbsVV8XWkZ11DiHa+9wySxQcc4fBd23xGYpo52p2fc=</Modulus><Exponent>AQAB</Exponent></RSAKeyValue></KeyValue></KeyInfo><Object Id="Sitecore.Domain" xmlns="http://www.w3.org/2000/09/xmldsig#"><module xmlns=""><idref>20190104055258</idref><name>Sitecore.Domain</name><count>10000</count><expiration>20190304T000000</expiration><version>9</version><comment /><licenseagreement>?</licenseagreement></module></Object></Signature><Signature><SignedInfo xmlns="http://www.w3.org/2000/09/xmldsig#"><CanonicalizationMethod Algorithm="http://www.w3.org/TR/2001/REC-xml-c14n-20010315" /><SignatureMethod Algorithm="http://www.w3.org/2000/09/xmldsig#rsa-sha1" /><Reference URI="#Sitecore.Ecommerce"><DigestMethod Algorithm="http://www.w3.org/2000/09/xmldsig#sha1" /><DigestValue>UuEw1NvZOCKE9svZavxAb2fGIXo=</DigestValue></Reference></SignedInfo><SignatureValue xmlns="http://www.w3.org/2000/09/xmldsig#">RxCG8eTyFKw+boyETRHQS6LIRZN1mBi0L5Ke9p/u8IREMDcDpoTYHiw2a5T1zTidHksx+xtJljGaMfJQovkNT3A2KxKs+FWDD4kHbfiz/aWJ2g2j1XD+Nml4LsdJzrEAOfLo3Y6khYzgc+dSuwNJUj83SXIUe997i028PgR8Fj4=</SignatureValue><KeyInfo xmlns="http://www.w3.org/2000/09/xmldsig#"><KeyValue><RSAKeyValue><Modulus>wRSGFs73V0JMKVVRCX9pEVmluvNojvtDvzHduZ+pX458q9THGbti8zEty6ydF7nxVFCRriONFm6w+PtcZhRT+eXMb21jzY6biII4BXdh91BmVZ96FyYROMnHS6zjfK7+oDbsVV8XWkZ11DiHa+9wySxQcc4fBd23xGYpo52p2fc=</Modulus><Exponent>AQAB</Exponent></RSAKeyValue></KeyValue></KeyInfo><Object Id="Sitecore.Ecommerce" xmlns="http://www.w3.org/2000/09/xmldsig#"><module xmlns=""><idref>20190104055258</idref><name>Sitecore.Ecommerce</name><count>1</count><expiration>20190304T000000</expiration><version>9</version><comment /><licenseagreement>?</licenseagreement></module></Object></Signature><Signature><SignedInfo xmlns="http://www.w3.org/2000/09/xmldsig#"><CanonicalizationMethod Algorithm="http://www.w3.org/TR/2001/REC-xml-c14n-20010315" /><SignatureMethod Algorithm="http://www.w3.org/2000/09/xmldsig#rsa-sha1" /><Reference URI="#SiteCore.EditorUser"><DigestMethod Algorithm="http://www.w3.org/2000/09/xmldsig#sha1" /><DigestValue>Rb4dwC9szHwHeNIaF6NazRosWgw=</DigestValue></Reference></SignedInfo><SignatureValue xmlns="http://www.w3.org/2000/09/xmldsig#">VaYH/vOMVBynvsdNnc8wypKj9keojXodHMuBuxyP7y+Y7UUZl9ZTSbo+qCht2HBXtS92w11Jpc/Qv/ohAcgeXtFY3WmjyK+IkbAqiQlfwYrNu/D0R+AnJ9BdCrFWr6YQnL6zBe9Lf6M36zfgzeDsGmU3SvQRd+ZLUzvCdgSORts=</SignatureValue><KeyInfo xmlns="http://www.w3.org/2000/09/xmldsig#"><KeyValue><RSAKeyValue><Modulus>wRSGFs73V0JMKVVRCX9pEVmluvNojvtDvzHduZ+pX458q9THGbti8zEty6ydF7nxVFCRriONFm6w+PtcZhRT+eXMb21jzY6biII4BXdh91BmVZ96FyYROMnHS6zjfK7+oDbsVV8XWkZ11DiHa+9wySxQcc4fBd23xGYpo52p2fc=</Modulus><Exponent>AQAB</Exponent></RSAKeyValue></KeyValue></KeyInfo><Object Id="SiteCore.EditorUser" xmlns="http://www.w3.org/2000/09/xmldsig#"><module xmlns=""><idref>20190104055258</idref><name>SiteCore.EditorUser</name><count>10000</count><expiration>20190304T000000</expiration><version>9</version><comment /><licenseagreement>?</licenseagreement></module></Object></Signature><Signature><SignedInfo xmlns="http://www.w3.org/2000/09/xmldsig#"><CanonicalizationMethod Algorithm="http://www.w3.org/TR/2001/REC-xml-c14n-20010315" /><SignatureMethod Algorithm="http://www.w3.org/2000/09/xmldsig#rsa-sha1" /><Reference URI="#Sitecore.EI.Datamart"><DigestMethod Algorithm="http://www.w3.org/2000/09/xmldsig#sha1" /><DigestValue>Jyzrehv5HvXwPaehsTdeatoT9YI=</DigestValue></Reference></SignedInfo><SignatureValue xmlns="http://www.w3.org/2000/09/xmldsig#">UqXW74v9fgJlcJ1cQa/yOl+q54OsrujrdpDOLsoLUtyKE/xPddBJA2D88KE2eqKFdWj4wdhW93QyWXY4b4Vh/urf9oD2oE5Pe5/OVD0dnm0YUD6XTTDHT0B/bw7B/VeBZkqiN4c0psyMGzJBWRemExxEAHkapOKbggGcasgEOy8=</SignatureValue><KeyInfo xmlns="http://www.w3.org/2000/09/xmldsig#"><KeyValue><RSAKeyValue><Modulus>wRSGFs73V0JMKVVRCX9pEVmluvNojvtDvzHduZ+pX458q9THGbti8zEty6ydF7nxVFCRriONFm6w+PtcZhRT+eXMb21jzY6biII4BXdh91BmVZ96FyYROMnHS6zjfK7+oDbsVV8XWkZ11DiHa+9wySxQcc4fBd23xGYpo52p2fc=</Modulus><Exponent>AQAB</Exponent></RSAKeyValue></KeyValue></KeyInfo><Object Id="Sitecore.EI.Datamart" xmlns="http://www.w3.org/2000/09/xmldsig#"><module xmlns=""><idref>20190104055258</idref><name>Sitecore.EI.Datamart</name><count>1</count><expiration>20190304T000000</expiration><version>9</version><comment /><licenseagreement>?</licenseagreement></module></Object></Signature><Signature><SignedInfo xmlns="http://www.w3.org/2000/09/xmldsig#"><CanonicalizationMethod Algorithm="http://www.w3.org/TR/2001/REC-xml-c14n-20010315" /><SignatureMethod Algorithm="http://www.w3.org/2000/09/xmldsig#rsa-sha1" /><Reference URI="#Sitecore.FederatedExperienceManager"><DigestMethod Algorithm="http://www.w3.org/2000/09/xmldsig#sha1" /><DigestValue>u9waFX4vhsrGwumddQa8PP0R5xU=</DigestValue></Reference></SignedInfo><SignatureValue xmlns="http://www.w3.org/2000/09/xmldsig#">pGtZ3ja1S0dGrvUWUTz29Q6Fc9sgapNd8jfI9lP9O6PNnrJ9gZUfODIdA+hVqzXWHZ6O6QztVMkLBCs05Q+JtP24Ia17/yQKy9ySzHTgW/CGSDJxBaDZ6LothzO05PrFsVT69JQ16nX8c9n0O8g4e+7qnAAh16N3FRZ01HS6qxk=</SignatureValue><KeyInfo xmlns="http://www.w3.org/2000/09/xmldsig#"><KeyValue><RSAKeyValue><Modulus>wRSGFs73V0JMKVVRCX9pEVmluvNojvtDvzHduZ+pX458q9THGbti8zEty6ydF7nxVFCRriONFm6w+PtcZhRT+eXMb21jzY6biII4BXdh91BmVZ96FyYROMnHS6zjfK7+oDbsVV8XWkZ11DiHa+9wySxQcc4fBd23xGYpo52p2fc=</Modulus><Exponent>AQAB</Exponent></RSAKeyValue></KeyValue></KeyInfo><Object Id="Sitecore.FederatedExperienceManager" xmlns="http://www.w3.org/2000/09/xmldsig#"><module xmlns=""><idref>20190104055258</idref><name>Sitecore.FederatedExperienceManager</name><count>1</count><expiration>20190304T000000</expiration><version>9</version><comment /><licenseagreement>?</licenseagreement></module></Object></Signature><Signature><SignedInfo xmlns="http://www.w3.org/2000/09/xmldsig#"><CanonicalizationMethod Algorithm="http://www.w3.org/TR/2001/REC-xml-c14n-20010315" /><SignatureMethod Algorithm="http://www.w3.org/2000/09/xmldsig#rsa-sha1" /><Reference URI="#Sitecore.Intranet"><DigestMethod Algorithm="http://www.w3.org/2000/09/xmldsig#sha1" /><DigestValue>+Hys0dQ2ZW6uOU9gULtkpwrlOGw=</DigestValue></Reference></SignedInfo><SignatureValue xmlns="http://www.w3.org/2000/09/xmldsig#">FIhO0AExWxqoUfylAXj1E6iV3aHllZ3OOO9e7yyBajyHdaCI8areiTGcJJzWdVY+29swswsrLnmYcOIqxoJrAePBr3Ss1UrPMOyL3Z6Ooc8HaHdJ+w6mR169EceHcuycmJrb4mjh+tOCloPwx7514wVtjR8pVlTJBGpMlkvea+g=</SignatureValue><KeyInfo xmlns="http://www.w3.org/2000/09/xmldsig#"><KeyValue><RSAKeyValue><Modulus>wRSGFs73V0JMKVVRCX9pEVmluvNojvtDvzHduZ+pX458q9THGbti8zEty6ydF7nxVFCRriONFm6w+PtcZhRT+eXMb21jzY6biII4BXdh91BmVZ96FyYROMnHS6zjfK7+oDbsVV8XWkZ11DiHa+9wySxQcc4fBd23xGYpo52p2fc=</Modulus><Exponent>AQAB</Exponent></RSAKeyValue></KeyValue></KeyInfo><Object Id="Sitecore.Intranet" xmlns="http://www.w3.org/2000/09/xmldsig#"><module xmlns=""><idref>20190104055258</idref><name>Sitecore.Intranet</name><count>1</count><expiration>20190304T000000</expiration><version>9</version><comment /><licenseagreement>?</licenseagreement></module></Object></Signature><Signature><SignedInfo xmlns="http://www.w3.org/2000/09/xmldsig#"><CanonicalizationMethod Algorithm="http://www.w3.org/TR/2001/REC-xml-c14n-20010315" /><SignatureMethod Algorithm="http://www.w3.org/2000/09/xmldsig#rsa-sha1" /><Reference URI="#Sitecore.MSCRM"><DigestMethod Algorithm="http://www.w3.org/2000/09/xmldsig#sha1" /><DigestValue>b1gB5O5KPmYux4AuNYGJI77c5Eg=</DigestValue></Reference></SignedInfo><SignatureValue xmlns="http://www.w3.org/2000/09/xmldsig#">Tcyi4FmnT7zle01wtJEy1Itq/2pNcDz5Q47yrjt9l1CqggrYJcUZCNB10+FOkNliHVPwqGBbJfKvx79bBZ+2ZxG+ghNSbvU+ufgjRhFdTx56Q+H5ebZT8S6+/PrSb6Zoi1RtKKAyj7xZoJg4C6tH60k+0077imN9S9PRImIsg2E=</SignatureValue><KeyInfo xmlns="http://www.w3.org/2000/09/xmldsig#"><KeyValue><RSAKeyValue><Modulus>wRSGFs73V0JMKVVRCX9pEVmluvNojvtDvzHduZ+pX458q9THGbti8zEty6ydF7nxVFCRriONFm6w+PtcZhRT+eXMb21jzY6biII4BXdh91BmVZ96FyYROMnHS6zjfK7+oDbsVV8XWkZ11DiHa+9wySxQcc4fBd23xGYpo52p2fc=</Modulus><Exponent>AQAB</Exponent></RSAKeyValue></KeyValue></KeyInfo><Object Id="Sitecore.MSCRM" xmlns="http://www.w3.org/2000/09/xmldsig#"><module xmlns=""><idref>20190104055258</idref><name>Sitecore.MSCRM</name><count>1</count><expiration>20190304T000000</expiration><version>9</version><comment /><licenseagreement>?</licenseagreement></module></Object></Signature><Signature><SignedInfo xmlns="http://www.w3.org/2000/09/xmldsig#"><CanonicalizationMethod Algorithm="http://www.w3.org/TR/2001/REC-xml-c14n-20010315" /><SignatureMethod Algorithm="http://www.w3.org/2000/09/xmldsig#rsa-sha1" /><Reference URI="#Sitecore.MSS.EventCalendar"><DigestMethod Algorithm="http://www.w3.org/2000/09/xmldsig#sha1" /><DigestValue>urY+7+h3NtnLKsbysWU970NRxeo=</DigestValue></Reference></SignedInfo><SignatureValue xmlns="http://www.w3.org/2000/09/xmldsig#">NUwdM86hvsDHSuyOGB9PtNougqPm+szxQQCeQ0AVlXn+QbQzwDtH3ZnwaBlQB1fjBGOPVhb3JhMTPdhG5i/Z1MeuUJIUcKLwPx1hL2U3adJfCshYn18/MjlPiTWMxteCKh9afPsiH6YVmynI5Fwua6Oxf/NPPZJ7shtlZIQzfdk=</SignatureValue><KeyInfo xmlns="http://www.w3.org/2000/09/xmldsig#"><KeyValue><RSAKeyValue><Modulus>wRSGFs73V0JMKVVRCX9pEVmluvNojvtDvzHduZ+pX458q9THGbti8zEty6ydF7nxVFCRriONFm6w+PtcZhRT+eXMb21jzY6biII4BXdh91BmVZ96FyYROMnHS6zjfK7+oDbsVV8XWkZ11DiHa+9wySxQcc4fBd23xGYpo52p2fc=</Modulus><Exponent>AQAB</Exponent></RSAKeyValue></KeyValue></KeyInfo><Object Id="Sitecore.MSS.EventCalendar" xmlns="http://www.w3.org/2000/09/xmldsig#"><module xmlns=""><idref>20190104055258</idref><name>Sitecore.MSS.EventCalendar</name><count>1</count><expiration>20190304T000000</expiration><version>9</version><comment /><licenseagreement>?</licenseagreement></module></Object></Signature><Signature><SignedInfo xmlns="http://www.w3.org/2000/09/xmldsig#"><CanonicalizationMethod Algorithm="http://www.w3.org/TR/2001/REC-xml-c14n-20010315" /><SignatureMethod Algorithm="http://www.w3.org/2000/09/xmldsig#rsa-sha1" /><Reference URI="#Sitecore.MSS.ForumExpress"><DigestMethod Algorithm="http://www.w3.org/2000/09/xmldsig#sha1" /><DigestValue>vTyOu/MMwJZ5XwVh4yuXYkpE4Cs=</DigestValue></Reference></SignedInfo><SignatureValue xmlns="http://www.w3.org/2000/09/xmldsig#">CKn0Igb6Am94YeWPsownsLRFTQIE6rSW9CKbo4QLMfREfe2C2SMUKiMIXJDGls9GNoqrnUUlWBp+3pZ5PIMnKJzvthv01VCiCgaK0TPNsAyIawmU9Pe/kIB80NZk5o3U0o76ztCuBbSEIMVP2HhSaMSnvtQD7f64tGP2fexOpzg=</SignatureValue><KeyInfo xmlns="http://www.w3.org/2000/09/xmldsig#"><KeyValue><RSAKeyValue><Modulus>wRSGFs73V0JMKVVRCX9pEVmluvNojvtDvzHduZ+pX458q9THGbti8zEty6ydF7nxVFCRriONFm6w+PtcZhRT+eXMb21jzY6biII4BXdh91BmVZ96FyYROMnHS6zjfK7+oDbsVV8XWkZ11DiHa+9wySxQcc4fBd23xGYpo52p2fc=</Modulus><Exponent>AQAB</Exponent></RSAKeyValue></KeyValue></KeyInfo><Object Id="Sitecore.MSS.ForumExpress" xmlns="http://www.w3.org/2000/09/xmldsig#"><module xmlns=""><idref>20190104055258</idref><name>Sitecore.MSS.ForumExpress</name><count>1</count><expiration>20190304T000000</expiration><version>9</version><comment /><licenseagreement>?</licenseagreement></module></Object></Signature><Signature><SignedInfo xmlns="http://www.w3.org/2000/09/xmldsig#"><CanonicalizationMethod Algorithm="http://www.w3.org/TR/2001/REC-xml-c14n-20010315" /><SignatureMethod Algorithm="http://www.w3.org/2000/09/xmldsig#rsa-sha1" /><Reference URI="#Sitecore.MSS.ImageCollections"><DigestMethod Algorithm="http://www.w3.org/2000/09/xmldsig#sha1" /><DigestValue>F9B5RSh//3I0hD+FjVjzKIrT61E=</DigestValue></Reference></SignedInfo><SignatureValue xmlns="http://www.w3.org/2000/09/xmldsig#">hLXY7rzvccjdHRlxysytYpxkuhcLY/klw3weYR9nVMy0hyKm/nPGy1ic10YrePZlNMZ7Ftu2rTCkZ5UvalTFSizhHDnkcFmbSRcTSpYP+9hIxRKJ1yhZblm8aodrH6xc5lenLfDgXC70fhpnC2oeTyyviTOuZmMQwpBotCXWEDk=</SignatureValue><KeyInfo xmlns="http://www.w3.org/2000/09/xmldsig#"><KeyValue><RSAKeyValue><Modulus>wRSGFs73V0JMKVVRCX9pEVmluvNojvtDvzHduZ+pX458q9THGbti8zEty6ydF7nxVFCRriONFm6w+PtcZhRT+eXMb21jzY6biII4BXdh91BmVZ96FyYROMnHS6zjfK7+oDbsVV8XWkZ11DiHa+9wySxQcc4fBd23xGYpo52p2fc=</Modulus><Exponent>AQAB</Exponent></RSAKeyValue></KeyValue></KeyInfo><Object Id="Sitecore.MSS.ImageCollections" xmlns="http://www.w3.org/2000/09/xmldsig#"><module xmlns=""><idref>20190104055258</idref><name>Sitecore.MSS.ImageCollections</name><count>1</count><expiration>20190304T000000</expiration><version>9</version><comment /><licenseagreement>?</licenseagreement></module></Object></Signature><Signature><SignedInfo xmlns="http://www.w3.org/2000/09/xmldsig#"><CanonicalizationMethod Algorithm="http://www.w3.org/TR/2001/REC-xml-c14n-20010315" /><SignatureMethod Algorithm="http://www.w3.org/2000/09/xmldsig#rsa-sha1" /><Reference URI="#Sitecore.MSS.News"><DigestMethod Algorithm="http://www.w3.org/2000/09/xmldsig#sha1" /><DigestValue>AD/5fAaqZEwD5I20UMrOLEKrhTg=</DigestValue></Reference></SignedInfo><SignatureValue xmlns="http://www.w3.org/2000/09/xmldsig#">f5nBi1ekgqG49WV1oOsWOmHsmMmukF+LV1u/CrsaQjy1BwFFFI5QAWAUvPOoyRR0ndiBM6gURH3RgB1JNqHRx3apzu8Q8t61Iv+CC5WKQmGkAiKnQ2an8pMghAHg986hI+srTy9DTIXbhOXyS9uOFeQrbgPLJnY7HnkP7YwMraw=</SignatureValue><KeyInfo xmlns="http://www.w3.org/2000/09/xmldsig#"><KeyValue><RSAKeyValue><Modulus>wRSGFs73V0JMKVVRCX9pEVmluvNojvtDvzHduZ+pX458q9THGbti8zEty6ydF7nxVFCRriONFm6w+PtcZhRT+eXMb21jzY6biII4BXdh91BmVZ96FyYROMnHS6zjfK7+oDbsVV8XWkZ11DiHa+9wySxQcc4fBd23xGYpo52p2fc=</Modulus><Exponent>AQAB</Exponent></RSAKeyValue></KeyValue></KeyInfo><Object Id="Sitecore.MSS.News" xmlns="http://www.w3.org/2000/09/xmldsig#"><module xmlns=""><idref>20190104055258</idref><name>Sitecore.MSS.News</name><count>1</count><expiration>20190304T000000</expiration><version>9</version><comment /><licenseagreement>?</licenseagreement></module></Object></Signature><Signature><SignedInfo xmlns="http://www.w3.org/2000/09/xmldsig#"><CanonicalizationMethod Algorithm="http://www.w3.org/TR/2001/REC-xml-c14n-20010315" /><SignatureMethod Algorithm="http://www.w3.org/2000/09/xmldsig#rsa-sha1" /><Reference URI="#Sitecore.MSS.Newsletter"><DigestMethod Algorithm="http://www.w3.org/2000/09/xmldsig#sha1" /><DigestValue>O6LnhCx4ucC8PtVMqFkWSjJEs18=</DigestValue></Reference></SignedInfo><SignatureValue xmlns="http://www.w3.org/2000/09/xmldsig#">JGt6ZflhXoyVUWj8JkATWZRLlcumZG5G6cfZQuOwsS/b5mhFi7yl0LR25VU1XAOUpq6SWIDdqQ4DjPERBA2gb8ad/ljrxgq3+/97TookTgflnavQf3t32+eIJyyveua5UqrbQyYjPLlBttZiDl7kLN222DznZOiGWEMSU24w6I0=</SignatureValue><KeyInfo xmlns="http://www.w3.org/2000/09/xmldsig#"><KeyValue><RSAKeyValue><Modulus>wRSGFs73V0JMKVVRCX9pEVmluvNojvtDvzHduZ+pX458q9THGbti8zEty6ydF7nxVFCRriONFm6w+PtcZhRT+eXMb21jzY6biII4BXdh91BmVZ96FyYROMnHS6zjfK7+oDbsVV8XWkZ11DiHa+9wySxQcc4fBd23xGYpo52p2fc=</Modulus><Exponent>AQAB</Exponent></RSAKeyValue></KeyValue></KeyInfo><Object Id="Sitecore.MSS.Newsletter" xmlns="http://www.w3.org/2000/09/xmldsig#"><module xmlns=""><idref>20190104055258</idref><name>Sitecore.MSS.Newsletter</name><count>1</count><expiration>20190304T000000</expiration><version>9</version><comment /><licenseagreement>?</licenseagreement></module></Object></Signature><Signature><SignedInfo xmlns="http://www.w3.org/2000/09/xmldsig#"><CanonicalizationMethod Algorithm="http://www.w3.org/TR/2001/REC-xml-c14n-20010315" /><SignatureMethod Algorithm="http://www.w3.org/2000/09/xmldsig#rsa-sha1" /><Reference URI="#Sitecore.MSS.Runtime"><DigestMethod Algorithm="http://www.w3.org/2000/09/xmldsig#sha1" /><DigestValue>kqKwhZs5VEhvKZ+8q1TJAiStqMk=</DigestValue></Reference></SignedInfo><SignatureValue xmlns="http://www.w3.org/2000/09/xmldsig#">nVkwPpVSmvQY3eKcYOfuNGdJQip7dk6UgCWqqu1TimkIydsI8T1k4IcsAnmKTLmjXMegiv6OVOU2hXF34nGxyLIZ3xyzoNyJ33mvaqHCnvUpL922reGOVWPvWJjl0sgcdr7sSYdmDRqz6Bl9cFQVnRfKCTgBxvXeBdYKQMHe+o0=</SignatureValue><KeyInfo xmlns="http://www.w3.org/2000/09/xmldsig#"><KeyValue><RSAKeyValue><Modulus>wRSGFs73V0JMKVVRCX9pEVmluvNojvtDvzHduZ+pX458q9THGbti8zEty6ydF7nxVFCRriONFm6w+PtcZhRT+eXMb21jzY6biII4BXdh91BmVZ96FyYROMnHS6zjfK7+oDbsVV8XWkZ11DiHa+9wySxQcc4fBd23xGYpo52p2fc=</Modulus><Exponent>AQAB</Exponent></RSAKeyValue></KeyValue></KeyInfo><Object Id="Sitecore.MSS.Runtime" xmlns="http://www.w3.org/2000/09/xmldsig#"><module xmlns=""><idref>20190104055258</idref><name>Sitecore.MSS.Runtime</name><count>1</count><expiration>20190304T000000</expiration><version>9</version><comment /><licenseagreement>?</licenseagreement></module></Object></Signature><Signature><SignedInfo xmlns="http://www.w3.org/2000/09/xmldsig#"><CanonicalizationMethod Algorithm="http://www.w3.org/TR/2001/REC-xml-c14n-20010315" /><SignatureMethod Algorithm="http://www.w3.org/2000/09/xmldsig#rsa-sha1" /><Reference URI="#Sitecore.MSS.SiteDocuments"><DigestMethod Algorithm="http://www.w3.org/2000/09/xmldsig#sha1" /><DigestValue>AXKCB3ppL25u1U2G9o2injEuIDM=</DigestValue></Reference></SignedInfo><SignatureValue xmlns="http://www.w3.org/2000/09/xmldsig#">vY/KdYta7t5qsvQmw7uVa+B98CdsxZYw8BWap8xLpIl8TyaovJU/7SX4JKcKS1okD/EpCRkHC4xO155xeHI2zubZ3QZTdM8sXY1Cw/LmHFZUlQdWkvQx802GlLxKi75d5xaEPPCGhJ+JWBU5fikyl034AFobs0xIHR2rYfqnvxE=</SignatureValue><KeyInfo xmlns="http://www.w3.org/2000/09/xmldsig#"><KeyValue><RSAKeyValue><Modulus>wRSGFs73V0JMKVVRCX9pEVmluvNojvtDvzHduZ+pX458q9THGbti8zEty6ydF7nxVFCRriONFm6w+PtcZhRT+eXMb21jzY6biII4BXdh91BmVZ96FyYROMnHS6zjfK7+oDbsVV8XWkZ11DiHa+9wySxQcc4fBd23xGYpo52p2fc=</Modulus><Exponent>AQAB</Exponent></RSAKeyValue></KeyValue></KeyInfo><Object Id="Sitecore.MSS.SiteDocuments" xmlns="http://www.w3.org/2000/09/xmldsig#"><module xmlns=""><idref>20190104055258</idref><name>Sitecore.MSS.SiteDocuments</name><count>1</count><expiration>20190304T000000</expiration><version>9</version><comment /><licenseagreement>?</licenseagreement></module></Object></Signature><Signature><SignedInfo xmlns="http://www.w3.org/2000/09/xmldsig#"><CanonicalizationMethod Algorithm="http://www.w3.org/TR/2001/REC-xml-c14n-20010315" /><SignatureMethod Algorithm="http://www.w3.org/2000/09/xmldsig#rsa-sha1" /><Reference URI="#Sitecore.MSS.SiteEditors"><DigestMethod Algorithm="http://www.w3.org/2000/09/xmldsig#sha1" /><DigestValue>L6itU2R9Z3C3pa44jbc3mwe0U0k=</DigestValue></Reference></SignedInfo><SignatureValue xmlns="http://www.w3.org/2000/09/xmldsig#">sQxjKaZ7c+Wfte+h3xfjP9zN8cMLfPucPlu1Y2jk5Err6KxTFBtIU0z4q3HnwGmdySBl02XRKD5Yp6nazC55/mwbLEwN1yzsqCEMbhP/Srl1Qk9OnkfcAxrY7WZZBm6n8txi7eQOJuCggaweipyVSn4/oxCi4I/lnQFD4vgE+qQ=</SignatureValue><KeyInfo xmlns="http://www.w3.org/2000/09/xmldsig#"><KeyValue><RSAKeyValue><Modulus>wRSGFs73V0JMKVVRCX9pEVmluvNojvtDvzHduZ+pX458q9THGbti8zEty6ydF7nxVFCRriONFm6w+PtcZhRT+eXMb21jzY6biII4BXdh91BmVZ96FyYROMnHS6zjfK7+oDbsVV8XWkZ11DiHa+9wySxQcc4fBd23xGYpo52p2fc=</Modulus><Exponent>AQAB</Exponent></RSAKeyValue></KeyValue></KeyInfo><Object Id="Sitecore.MSS.SiteEditors" xmlns="http://www.w3.org/2000/09/xmldsig#"><module xmlns=""><idref>20190104055258</idref><name>Sitecore.MSS.SiteEditors</name><count>1</count><expiration>20190304T000000</expiration><version>9</version><comment /><licenseagreement>?</licenseagreement></module></Object></Signature><Signature><SignedInfo xmlns="http://www.w3.org/2000/09/xmldsig#"><CanonicalizationMethod Algorithm="http://www.w3.org/TR/2001/REC-xml-c14n-20010315" /><SignatureMethod Algorithm="http://www.w3.org/2000/09/xmldsig#rsa-sha1" /><Reference URI="#Sitecore.MSS.Sites"><DigestMethod Algorithm="http://www.w3.org/2000/09/xmldsig#sha1" /><DigestValue>jvDVy3/zRS5fElO2suyM5oVr898=</DigestValue></Reference></SignedInfo><SignatureValue xmlns="http://www.w3.org/2000/09/xmldsig#">Q7ZgOQ8RHEdsbsKRgAHKRigjY29wnX9zrecmKT0OqWVJK2d5o2ezpQnLvOTyhduJS5wR54ZhyE33BXepNFJSt3QHHWqCCA6hMCslo7Eis2tCft0tPPDy/exICa313OEIPbbLUYwNsn51nIR+pet8v0kab1fkSo7X6HGHFRoD5IA=</SignatureValue><KeyInfo xmlns="http://www.w3.org/2000/09/xmldsig#"><KeyValue><RSAKeyValue><Modulus>wRSGFs73V0JMKVVRCX9pEVmluvNojvtDvzHduZ+pX458q9THGbti8zEty6ydF7nxVFCRriONFm6w+PtcZhRT+eXMb21jzY6biII4BXdh91BmVZ96FyYROMnHS6zjfK7+oDbsVV8XWkZ11DiHa+9wySxQcc4fBd23xGYpo52p2fc=</Modulus><Exponent>AQAB</Exponent></RSAKeyValue></KeyValue></KeyInfo><Object Id="Sitecore.MSS.Sites" xmlns="http://www.w3.org/2000/09/xmldsig#"><module xmlns=""><idref>20190104055258</idref><name>Sitecore.MSS.Sites</name><count>10000</count><expiration>20190304T000000</expiration><version>9</version><comment /><licenseagreement>?</licenseagreement></module></Object></Signature><Signature><SignedInfo xmlns="http://www.w3.org/2000/09/xmldsig#"><CanonicalizationMethod Algorithm="http://www.w3.org/TR/2001/REC-xml-c14n-20010315" /><SignatureMethod Algorithm="http://www.w3.org/2000/09/xmldsig#rsa-sha1" /><Reference URI="#Sitecore.MSS.SMS"><DigestMethod Algorithm="http://www.w3.org/2000/09/xmldsig#sha1" /><DigestValue>ug6SzuqolrIACbK094n+uMTuZiY=</DigestValue></Reference></SignedInfo><SignatureValue xmlns="http://www.w3.org/2000/09/xmldsig#">ttG/Q0srA0TFKoGoCVxWMGELgk8ARewmDd5IePHXFHPC9cpZMwm9eRij+71g0I224+zmvpy/WybVek3z0M2Xb4JGeM3NLKRxM2aXrnTNr9T+nXd2e6wXVUvfqmIIdmRuQQmgoPECUsTNXDeA0hKW6ai9sKfnfdXDqpOVoz6DnyY=</SignatureValue><KeyInfo xmlns="http://www.w3.org/2000/09/xmldsig#"><KeyValue><RSAKeyValue><Modulus>wRSGFs73V0JMKVVRCX9pEVmluvNojvtDvzHduZ+pX458q9THGbti8zEty6ydF7nxVFCRriONFm6w+PtcZhRT+eXMb21jzY6biII4BXdh91BmVZ96FyYROMnHS6zjfK7+oDbsVV8XWkZ11DiHa+9wySxQcc4fBd23xGYpo52p2fc=</Modulus><Exponent>AQAB</Exponent></RSAKeyValue></KeyValue></KeyInfo><Object Id="Sitecore.MSS.SMS" xmlns="http://www.w3.org/2000/09/xmldsig#"><module xmlns=""><idref>20190104055258</idref><name>Sitecore.MSS.SMS</name><count>1</count><expiration>20190304T000000</expiration><version>9</version><comment /><licenseagreement>?</licenseagreement></module></Object></Signature><Signature><SignedInfo xmlns="http://www.w3.org/2000/09/xmldsig#"><CanonicalizationMethod Algorithm="http://www.w3.org/TR/2001/REC-xml-c14n-20010315" /><SignatureMethod Algorithm="http://www.w3.org/2000/09/xmldsig#rsa-sha1" /><Reference URI="#Sitecore.OMS"><DigestMethod Algorithm="http://www.w3.org/2000/09/xmldsig#sha1" /><DigestValue>a+Nh4nspWHEPCWpa9BwEKsLG8pU=</DigestValue></Reference></SignedInfo><SignatureValue xmlns="http://www.w3.org/2000/09/xmldsig#">N9bv1tp45LEzbcwjJSZfUnAqQTsHaqRO91oasufguC+Xj39Ouff8eqQPmTyY+UkdcdNG7fodtysYGw1BLo4AKKu13V0l/YR46pj97q7UMI8I5WKB/GS9XOltSw3AoIeTcVhlGvXscd7yyLWSUQ0XfogfIdb1U91qigEb8FK+rLs=</SignatureValue><KeyInfo xmlns="http://www.w3.org/2000/09/xmldsig#"><KeyValue><RSAKeyValue><Modulus>wRSGFs73V0JMKVVRCX9pEVmluvNojvtDvzHduZ+pX458q9THGbti8zEty6ydF7nxVFCRriONFm6w+PtcZhRT+eXMb21jzY6biII4BXdh91BmVZ96FyYROMnHS6zjfK7+oDbsVV8XWkZ11DiHa+9wySxQcc4fBd23xGYpo52p2fc=</Modulus><Exponent>AQAB</Exponent></RSAKeyValue></KeyValue></KeyInfo><Object Id="Sitecore.OMS" xmlns="http://www.w3.org/2000/09/xmldsig#"><module xmlns=""><idref>20190104055258</idref><name>Sitecore.OMS</name><count>1</count><expiration>20190304T000000</expiration><version>9</version><comment /><licenseagreement>?</licenseagreement></module></Object></Signature><Signature><SignedInfo xmlns="http://www.w3.org/2000/09/xmldsig#"><CanonicalizationMethod Algorithm="http://www.w3.org/TR/2001/REC-xml-c14n-20010315" /><SignatureMethod Algorithm="http://www.w3.org/2000/09/xmldsig#rsa-sha1" /><Reference URI="#Sitecore.Oracle"><DigestMethod Algorithm="http://www.w3.org/2000/09/xmldsig#sha1" /><DigestValue>/N1j4PCW6/re6pArN6jHCcpWB60=</DigestValue></Reference></SignedInfo><SignatureValue xmlns="http://www.w3.org/2000/09/xmldsig#">n3HZYa0fIQ5Ae41XcIJVfHCbF1qdZRm0lxtX0Ro6ULSosZ0XfwTintoQUIA8U9SaRwxLtTp4b9hWHHTxTNYr9Ah+er/PD3U5SdWdOrhfr6T003Psj3vA8IBAnTrnfXc9AHTpsd25UlSm8ayH4z0KeoVE/SWUsU3x9pYqHDtHeqI=</SignatureValue><KeyInfo xmlns="http://www.w3.org/2000/09/xmldsig#"><KeyValue><RSAKeyValue><Modulus>wRSGFs73V0JMKVVRCX9pEVmluvNojvtDvzHduZ+pX458q9THGbti8zEty6ydF7nxVFCRriONFm6w+PtcZhRT+eXMb21jzY6biII4BXdh91BmVZ96FyYROMnHS6zjfK7+oDbsVV8XWkZ11DiHa+9wySxQcc4fBd23xGYpo52p2fc=</Modulus><Exponent>AQAB</Exponent></RSAKeyValue></KeyValue></KeyInfo><Object Id="Sitecore.Oracle" xmlns="http://www.w3.org/2000/09/xmldsig#"><module xmlns=""><idref>20190104055258</idref><name>Sitecore.Oracle</name><count>1</count><expiration>20190304T000000</expiration><version>9</version><comment /><licenseagreement>?</licenseagreement></module></Object></Signature><Signature><SignedInfo xmlns="http://www.w3.org/2000/09/xmldsig#"><CanonicalizationMethod Algorithm="http://www.w3.org/TR/2001/REC-xml-c14n-20010315" /><SignatureMethod Algorithm="http://www.w3.org/2000/09/xmldsig#rsa-sha1" /><Reference URI="#Sitecore.Print.DocumentService"><DigestMethod Algorithm="http://www.w3.org/2000/09/xmldsig#sha1" /><DigestValue>b8g6KxH/Ad3w0BepKJ3lbbdUfrA=</DigestValue></Reference></SignedInfo><SignatureValue xmlns="http://www.w3.org/2000/09/xmldsig#">fbY8ajxlBiInVPSLlSpkIaW8Hpeyca57WYuDxDZYU/MsfYOGVPYJ30BdH1qrC9iYQNXNsZ0uAToI+YZLf2aweCtABPFx3YYBMFaOCc2xreYGJ6DDiRQz61ECuJpgo4MCC0zfoenV9oeh7w3NBIxz1waU1TKaGFyqETtF++AC3TQ=</SignatureValue><KeyInfo xmlns="http://www.w3.org/2000/09/xmldsig#"><KeyValue><RSAKeyValue><Modulus>wRSGFs73V0JMKVVRCX9pEVmluvNojvtDvzHduZ+pX458q9THGbti8zEty6ydF7nxVFCRriONFm6w+PtcZhRT+eXMb21jzY6biII4BXdh91BmVZ96FyYROMnHS6zjfK7+oDbsVV8XWkZ11DiHa+9wySxQcc4fBd23xGYpo52p2fc=</Modulus><Exponent>AQAB</Exponent></RSAKeyValue></KeyValue></KeyInfo><Object Id="Sitecore.Print.DocumentService" xmlns="http://www.w3.org/2000/09/xmldsig#"><module xmlns=""><idref>20190104055258</idref><name>Sitecore.Print.DocumentService</name><count>1</count><expiration>20190304T000000</expiration><version>9</version><comment /><licenseagreement>?</licenseagreement></module></Object></Signature><Signature><SignedInfo xmlns="http://www.w3.org/2000/09/xmldsig#"><CanonicalizationMethod Algorithm="http://www.w3.org/TR/2001/REC-xml-c14n-20010315" /><SignatureMethod Algorithm="http://www.w3.org/2000/09/xmldsig#rsa-sha1" /><Reference URI="#Sitecore.Print.Runtime"><DigestMethod Algorithm="http://www.w3.org/2000/09/xmldsig#sha1" /><DigestValue>Dm0U6qsavcbmVU7tJHeXRv6axas=</DigestValue></Reference></SignedInfo><SignatureValue xmlns="http://www.w3.org/2000/09/xmldsig#">JIPhVgFdbWVo4ok3O8SdMt0QtzkWhvX8NmB79ntETaEfYh15HwjSJhZDjFN2MSq+tKZv/VjmQGqXRx64fjwNJrCSvf9z7S/OfYOmumMlDYhZQVMxAmbNMKIGDJuCuUg2VQ2Lz8+h+EA/rnBGFkoMwYcdk9W4QyZ9dmir7M2ZwGg=</SignatureValue><KeyInfo xmlns="http://www.w3.org/2000/09/xmldsig#"><KeyValue><RSAKeyValue><Modulus>wRSGFs73V0JMKVVRCX9pEVmluvNojvtDvzHduZ+pX458q9THGbti8zEty6ydF7nxVFCRriONFm6w+PtcZhRT+eXMb21jzY6biII4BXdh91BmVZ96FyYROMnHS6zjfK7+oDbsVV8XWkZ11DiHa+9wySxQcc4fBd23xGYpo52p2fc=</Modulus><Exponent>AQAB</Exponent></RSAKeyValue></KeyValue></KeyInfo><Object Id="Sitecore.Print.Runtime" xmlns="http://www.w3.org/2000/09/xmldsig#"><module xmlns=""><idref>20190104055258</idref><name>Sitecore.Print.Runtime</name><count>1</count><expiration>20190304T000000</expiration><version>9</version><comment /><licenseagreement>?</licenseagreement></module></Object></Signature><Signature><SignedInfo xmlns="http://www.w3.org/2000/09/xmldsig#"><CanonicalizationMethod Algorithm="http://www.w3.org/TR/2001/REC-xml-c14n-20010315" /><SignatureMethod Algorithm="http://www.w3.org/2000/09/xmldsig#rsa-sha1" /><Reference URI="#Sitecore.Print.User"><DigestMethod Algorithm="http://www.w3.org/2000/09/xmldsig#sha1" /><DigestValue>wecqg3gqBuX4RCG3xwrXhXDUGq0=</DigestValue></Reference></SignedInfo><SignatureValue xmlns="http://www.w3.org/2000/09/xmldsig#">tJjPZMlT7W+XY/Dv5Vesyq9QTJmucEHoWLcRdBSLl9C2Thm+xX3pRc+yBnwy8rrMCCrgJICh36IJSxW4x/XCCcY4QTUJ+804qlzHTTlD8HqFuiiDz/bJ6lbRoZR2zG58IPCmUJJRqdu9WE4Dg33fCaD7oVV9hiJMNuvDckQOprM=</SignatureValue><KeyInfo xmlns="http://www.w3.org/2000/09/xmldsig#"><KeyValue><RSAKeyValue><Modulus>wRSGFs73V0JMKVVRCX9pEVmluvNojvtDvzHduZ+pX458q9THGbti8zEty6ydF7nxVFCRriONFm6w+PtcZhRT+eXMb21jzY6biII4BXdh91BmVZ96FyYROMnHS6zjfK7+oDbsVV8XWkZ11DiHa+9wySxQcc4fBd23xGYpo52p2fc=</Modulus><Exponent>AQAB</Exponent></RSAKeyValue></KeyValue></KeyInfo><Object Id="Sitecore.Print.User" xmlns="http://www.w3.org/2000/09/xmldsig#"><module xmlns=""><idref>20190104055258</idref><name>Sitecore.Print.User</name><count>1</count><expiration>20190304T000000</expiration><version>9</version><comment /><licenseagreement>?</licenseagreement></module></Object></Signature><Signature><SignedInfo xmlns="http://www.w3.org/2000/09/xmldsig#"><CanonicalizationMethod Algorithm="http://www.w3.org/TR/2001/REC-xml-c14n-20010315" /><SignatureMethod Algorithm="http://www.w3.org/2000/09/xmldsig#rsa-sha1" /><Reference URI="#Sitecore.Print.Workstation"><DigestMethod Algorithm="http://www.w3.org/2000/09/xmldsig#sha1" /><DigestValue>V+KCDlT3/JHa52j3akPw0Kj+/T4=</DigestValue></Reference></SignedInfo><SignatureValue xmlns="http://www.w3.org/2000/09/xmldsig#">Cci5F5aZuYAjUkqvRrHpi0r1eK3KQX0QVxJxirS7W/EGTSWwWY0RIIITNqRuJg6OfHTCCGbUdIEzUweIfVjVSgZ5cm4S6fh3Sdw2JAbbmmjlkM/SmpvL1vi2An4dzbAzgCCx9zhiKzQWLd1hokQAkXMRGS08COGd/C0l4zcWs1g=</SignatureValue><KeyInfo xmlns="http://www.w3.org/2000/09/xmldsig#"><KeyValue><RSAKeyValue><Modulus>wRSGFs73V0JMKVVRCX9pEVmluvNojvtDvzHduZ+pX458q9THGbti8zEty6ydF7nxVFCRriONFm6w+PtcZhRT+eXMb21jzY6biII4BXdh91BmVZ96FyYROMnHS6zjfK7+oDbsVV8XWkZ11DiHa+9wySxQcc4fBd23xGYpo52p2fc=</Modulus><Exponent>AQAB</Exponent></RSAKeyValue></KeyValue></KeyInfo><Object Id="Sitecore.Print.Workstation" xmlns="http://www.w3.org/2000/09/xmldsig#"><module xmlns=""><idref>20190104055258</idref><name>Sitecore.Print.Workstation</name><count>1</count><expiration>20190304T000000</expiration><version>9</version><comment /><licenseagreement>?</licenseagreement></module></Object></Signature><Signature><SignedInfo xmlns="http://www.w3.org/2000/09/xmldsig#"><CanonicalizationMethod Algorithm="http://www.w3.org/TR/2001/REC-xml-c14n-20010315" /><SignatureMethod Algorithm="http://www.w3.org/2000/09/xmldsig#rsa-sha1" /><Reference URI="#SiteCore.Runtime"><DigestMethod Algorithm="http://www.w3.org/2000/09/xmldsig#sha1" /><DigestValue>PyQE2nHpAN6+8ziObOvzsjiCisE=</DigestValue></Reference></SignedInfo><SignatureValue xmlns="http://www.w3.org/2000/09/xmldsig#">IRJqSm7CBwj9ZR0RbqC+Oy/CzLmgVhA5cm4M8P82Olc0DX6/IRpIcLx39MQzEVlteQc7S82Gh6NqiFBkUMFWi21+5y+Z72AOiqsUap+ZMK8PN/badxjEJX6C5fOJIIDXQaqGZ6pCooaCt+nx3zhFuzRt5z07OLSUyTOXzUqGISU=</SignatureValue><KeyInfo xmlns="http://www.w3.org/2000/09/xmldsig#"><KeyValue><RSAKeyValue><Modulus>wRSGFs73V0JMKVVRCX9pEVmluvNojvtDvzHduZ+pX458q9THGbti8zEty6ydF7nxVFCRriONFm6w+PtcZhRT+eXMb21jzY6biII4BXdh91BmVZ96FyYROMnHS6zjfK7+oDbsVV8XWkZ11DiHa+9wySxQcc4fBd23xGYpo52p2fc=</Modulus><Exponent>AQAB</Exponent></RSAKeyValue></KeyValue></KeyInfo><Object Id="SiteCore.Runtime" xmlns="http://www.w3.org/2000/09/xmldsig#"><module xmlns=""><idref>20190104055258</idref><name>SiteCore.Runtime</name><count>1</count><expiration>20190304T000000</expiration><version>9</version><comment /><licenseagreement>?</licenseagreement></module></Object></Signature><Signature><SignedInfo xmlns="http://www.w3.org/2000/09/xmldsig#"><CanonicalizationMethod Algorithm="http://www.w3.org/TR/2001/REC-xml-c14n-20010315" /><SignatureMethod Algorithm="http://www.w3.org/2000/09/xmldsig#rsa-sha1" /><Reference URI="#Sitecore.SEO"><DigestMethod Algorithm="http://www.w3.org/2000/09/xmldsig#sha1" /><DigestValue>OeGLEnVoMHSx6VnHdVQOkCtBYYE=</DigestValue></Reference></SignedInfo><SignatureValue xmlns="http://www.w3.org/2000/09/xmldsig#">gC8bPFZpVwZfbIXAlvLknUe90ycVPd4NSLPByDquFANos1VdGVlJaBiLJi1KynjLuCJjYLogF21dPXqB7n8C5C53woJYZZs+eqa1Yb1aNd/cW0CMyGQr3Sx2JOxO3eomO7Mz9WzviJB4fOP6ZFLMBEqjbB40fMZT0z2z8rQMnTk=</SignatureValue><KeyInfo xmlns="http://www.w3.org/2000/09/xmldsig#"><KeyValue><RSAKeyValue><Modulus>wRSGFs73V0JMKVVRCX9pEVmluvNojvtDvzHduZ+pX458q9THGbti8zEty6ydF7nxVFCRriONFm6w+PtcZhRT+eXMb21jzY6biII4BXdh91BmVZ96FyYROMnHS6zjfK7+oDbsVV8XWkZ11DiHa+9wySxQcc4fBd23xGYpo52p2fc=</Modulus><Exponent>AQAB</Exponent></RSAKeyValue></KeyValue></KeyInfo><Object Id="Sitecore.SEO" xmlns="http://www.w3.org/2000/09/xmldsig#"><module xmlns=""><idref>20190104055258</idref><name>Sitecore.SEO</name><count>1</count><expiration>20190304T000000</expiration><version>9</version><comment /><licenseagreement>?</licenseagreement></module></Object></Signature><Signature><SignedInfo xmlns="http://www.w3.org/2000/09/xmldsig#"><CanonicalizationMethod Algorithm="http://www.w3.org/TR/2001/REC-xml-c14n-20010315" /><SignatureMethod Algorithm="http://www.w3.org/2000/09/xmldsig#rsa-sha1" /><Reference URI="#Sitecore.Sharepoint"><DigestMethod Algorithm="http://www.w3.org/2000/09/xmldsig#sha1" /><DigestValue>ngNh/v7YT7wPYF3iKYDc2i2YOsU=</DigestValue></Reference></SignedInfo><SignatureValue xmlns="http://www.w3.org/2000/09/xmldsig#">Vx/w3Ou1Z7filZrFU71xpxh8o81fH0Y+5hDw1652cj3VRuQKoGt7IhA1VThIe+erpRTy/joTKATIsJ8qvl/1Zr22xsoo+NKhTMKCXOSWUmgUozUm6dpYhRfQ7EYJ6hdtSfR9KmRCMJ1wyeQA4wgn68DdZe+5dMGdB3FiZrvwiOY=</SignatureValue><KeyInfo xmlns="http://www.w3.org/2000/09/xmldsig#"><KeyValue><RSAKeyValue><Modulus>wRSGFs73V0JMKVVRCX9pEVmluvNojvtDvzHduZ+pX458q9THGbti8zEty6ydF7nxVFCRriONFm6w+PtcZhRT+eXMb21jzY6biII4BXdh91BmVZ96FyYROMnHS6zjfK7+oDbsVV8XWkZ11DiHa+9wySxQcc4fBd23xGYpo52p2fc=</Modulus><Exponent>AQAB</Exponent></RSAKeyValue></KeyValue></KeyInfo><Object Id="Sitecore.Sharepoint" xmlns="http://www.w3.org/2000/09/xmldsig#"><module xmlns=""><idref>20190104055258</idref><name>Sitecore.Sharepoint</name><count>1</count><expiration>20190304T000000</expiration><version>9</version><comment /><licenseagreement>?</licenseagreement></module></Object></Signature><Signature><SignedInfo xmlns="http://www.w3.org/2000/09/xmldsig#"><CanonicalizationMethod Algorithm="http://www.w3.org/TR/2001/REC-xml-c14n-20010315" /><SignatureMethod Algorithm="http://www.w3.org/2000/09/xmldsig#rsa-sha1" /><Reference URI="#Sitecore.SiteUser"><DigestMethod Algorithm="http://www.w3.org/2000/09/xmldsig#sha1" /><DigestValue>/pl4ECMQAObAqGccX9Re1LG3EHk=</DigestValue></Reference></SignedInfo><SignatureValue xmlns="http://www.w3.org/2000/09/xmldsig#">LH7C8GvbwLGi+Y8xyjOswL1XJf2jKxsoQnuu0rqJ2yCyB4Wm+jzSW6rd8VXYclgqRIZXQ/GHRnwvprp35o2XFbYtEDOh+OyEUWIuOyIIxGbfBS/whKiyy1lLAI5aRqDXrowVGmSMhBuj7kDbgEiUAP0JJnXuysTPRE5BBn3sQ5E=</SignatureValue><KeyInfo xmlns="http://www.w3.org/2000/09/xmldsig#"><KeyValue><RSAKeyValue><Modulus>wRSGFs73V0JMKVVRCX9pEVmluvNojvtDvzHduZ+pX458q9THGbti8zEty6ydF7nxVFCRriONFm6w+PtcZhRT+eXMb21jzY6biII4BXdh91BmVZ96FyYROMnHS6zjfK7+oDbsVV8XWkZ11DiHa+9wySxQcc4fBd23xGYpo52p2fc=</Modulus><Exponent>AQAB</Exponent></RSAKeyValue></KeyValue></KeyInfo><Object Id="Sitecore.SiteUser" xmlns="http://www.w3.org/2000/09/xmldsig#"><module xmlns=""><idref>20190104055258</idref><name>Sitecore.SiteUser</name><count>1000</count><expiration>20190304T000000</expiration><version>9</version><comment /><licenseagreement>?</licenseagreement></module></Object></Signature><Signature><SignedInfo xmlns="http://www.w3.org/2000/09/xmldsig#"><CanonicalizationMethod Algorithm="http://www.w3.org/TR/2001/REC-xml-c14n-20010315" /><SignatureMethod Algorithm="http://www.w3.org/2000/09/xmldsig#rsa-sha1" /><Reference URI="#SiteCore.SQLConnector"><DigestMethod Algorithm="http://www.w3.org/2000/09/xmldsig#sha1" /><DigestValue>biKtGrH/kmViDDUxe0DBk/kIzT0=</DigestValue></Reference></SignedInfo><SignatureValue xmlns="http://www.w3.org/2000/09/xmldsig#">ihzha9YRwvkwsihWY7GbhJzCyZCLVV64p886R5OuKhUzdI5ASORIjYjH2C0GTVaDzOqVjbW15T6+OaA9BDe8vSH6/cqNsw/nTc7K7b99kB+rkhuzMh9+FtL+NmhB0vdE5xoeiIs3udLac767zb39MDLFZV2UnLppFJrPm91pY/o=</SignatureValue><KeyInfo xmlns="http://www.w3.org/2000/09/xmldsig#"><KeyValue><RSAKeyValue><Modulus>wRSGFs73V0JMKVVRCX9pEVmluvNojvtDvzHduZ+pX458q9THGbti8zEty6ydF7nxVFCRriONFm6w+PtcZhRT+eXMb21jzY6biII4BXdh91BmVZ96FyYROMnHS6zjfK7+oDbsVV8XWkZ11DiHa+9wySxQcc4fBd23xGYpo52p2fc=</Modulus><Exponent>AQAB</Exponent></RSAKeyValue></KeyValue></KeyInfo><Object Id="SiteCore.SQLConnector" xmlns="http://www.w3.org/2000/09/xmldsig#"><module xmlns=""><idref>20190104055258</idref><name>SiteCore.SQLConnector</name><count>1</count><expiration>20190304T000000</expiration><version>9</version><comment /><licenseagreement>?</licenseagreement></module></Object></Signature><Signature><SignedInfo xmlns="http://www.w3.org/2000/09/xmldsig#"><CanonicalizationMethod Algorithm="http://www.w3.org/TR/2001/REC-xml-c14n-20010315" /><SignatureMethod Algorithm="http://www.w3.org/2000/09/xmldsig#rsa-sha1" /><Reference URI="#Sitecore.SXA"><DigestMethod Algorithm="http://www.w3.org/2000/09/xmldsig#sha1" /><DigestValue>X7mtuFu3JtzVJEiQSw1LxQlQsz4=</DigestValue></Reference></SignedInfo><SignatureValue xmlns="http://www.w3.org/2000/09/xmldsig#">mpwgcz0vlEdjVW1x24hr7fM5jM7ng+FNm7l/WzL3qQXl7Yd7kIYNndcea+XTgwhL04Zy7bG8t/Ge6PNuEEe1bNVWN7VjC4frTkny0ADwYhaIMeA3btLf8TMKulcJuDySN2JLBmfNGVGbJbXncNAvCEDf27oZb44/Pk9SkpwjtuU=</SignatureValue><KeyInfo xmlns="http://www.w3.org/2000/09/xmldsig#"><KeyValue><RSAKeyValue><Modulus>wRSGFs73V0JMKVVRCX9pEVmluvNojvtDvzHduZ+pX458q9THGbti8zEty6ydF7nxVFCRriONFm6w+PtcZhRT+eXMb21jzY6biII4BXdh91BmVZ96FyYROMnHS6zjfK7+oDbsVV8XWkZ11DiHa+9wySxQcc4fBd23xGYpo52p2fc=</Modulus><Exponent>AQAB</Exponent></RSAKeyValue></KeyValue></KeyInfo><Object Id="Sitecore.SXA" xmlns="http://www.w3.org/2000/09/xmldsig#"><module xmlns=""><idref>20190104055258</idref><name>Sitecore.SXA</name><count>1</count><expiration>20190304T000000</expiration><version>9</version><comment /><licenseagreement>?</licenseagreement></module></Object></Signature><Signature><SignedInfo xmlns="http://www.w3.org/2000/09/xmldsig#"><CanonicalizationMethod Algorithm="http://www.w3.org/TR/2001/REC-xml-c14n-20010315" /><SignatureMethod Algorithm="http://www.w3.org/2000/09/xmldsig#rsa-sha1" /><Reference URI="#Sitecore.Visit"><DigestMethod Algorithm="http://www.w3.org/2000/09/xmldsig#sha1" /><DigestValue>Qsjr0+luHWhDH2wg/kFaO+nz934=</DigestValue></Reference></SignedInfo><SignatureValue xmlns="http://www.w3.org/2000/09/xmldsig#">igrXBVTczcVVnP0t6K0QhCl7/DV3pj6e9WzJ5PqKoA/YvkVBusnJLWnCjtgb0Mm0nsdLT7WfyfFob8srPhQ3VBUT0m1yMPYDUQIc9zAaJpyxrtij48LZjUfE2wWXOu4Bp5aMgs+3hVoiIcZLgRyEat9TWPSo3qftO1Ov4aiyDts=</SignatureValue><KeyInfo xmlns="http://www.w3.org/2000/09/xmldsig#"><KeyValue><RSAKeyValue><Modulus>wRSGFs73V0JMKVVRCX9pEVmluvNojvtDvzHduZ+pX458q9THGbti8zEty6ydF7nxVFCRriONFm6w+PtcZhRT+eXMb21jzY6biII4BXdh91BmVZ96FyYROMnHS6zjfK7+oDbsVV8XWkZ11DiHa+9wySxQcc4fBd23xGYpo52p2fc=</Modulus><Exponent>AQAB</Exponent></RSAKeyValue></KeyValue></KeyInfo><Object Id="Sitecore.Visit" xmlns="http://www.w3.org/2000/09/xmldsig#"><module xmlns=""><idref>20190104055258</idref><name>Sitecore.Visit</name><count>1</count><expiration>20190304T000000</expiration><version>9</version><comment /><licenseagreement>?</licenseagreement></module></Object></Signature><Signature><SignedInfo xmlns="http://www.w3.org/2000/09/xmldsig#"><CanonicalizationMethod Algorithm="http://www.w3.org/TR/2001/REC-xml-c14n-20010315" /><SignatureMethod Algorithm="http://www.w3.org/2000/09/xmldsig#rsa-sha1" /><Reference URI="#Sitecore.WFFM"><DigestMethod Algorithm="http://www.w3.org/2000/09/xmldsig#sha1" /><DigestValue>A2f2VbERKvKDOH1arOP/3Up3C6k=</DigestValue></Reference></SignedInfo><SignatureValue xmlns="http://www.w3.org/2000/09/xmldsig#">WH0rrXSD0zFu7NV8eknxbLVPKIbEg1n/gph6j3d7AmAxuDovkq5kH9GnPUOobgqhMrUq0K8uR12KKneaWgS5rsWRCtlipiVASMl3tkcOZIxjkPridNRgNSGG/8I5QDREzjckMyxoyJ0Y63OH//w6pe06JY02MK6SljaRQTa/9/I=</SignatureValue><KeyInfo xmlns="http://www.w3.org/2000/09/xmldsig#"><KeyValue><RSAKeyValue><Modulus>wRSGFs73V0JMKVVRCX9pEVmluvNojvtDvzHduZ+pX458q9THGbti8zEty6ydF7nxVFCRriONFm6w+PtcZhRT+eXMb21jzY6biII4BXdh91BmVZ96FyYROMnHS6zjfK7+oDbsVV8XWkZ11DiHa+9wySxQcc4fBd23xGYpo52p2fc=</Modulus><Exponent>AQAB</Exponent></RSAKeyValue></KeyValue></KeyInfo><Object Id="Sitecore.WFFM" xmlns="http://www.w3.org/2000/09/xmldsig#"><module xmlns=""><idref>20190104055258</idref><name>Sitecore.WFFM</name><count>1</count><expiration>20190304T000000</expiration><version>9</version><comment /><licenseagreement>?</licenseagreement></module></Object></Signature><Signature><SignedInfo xmlns="http://www.w3.org/2000/09/xmldsig#"><CanonicalizationMethod Algorithm="http://www.w3.org/TR/2001/REC-xml-c14n-20010315" /><SignatureMethod Algorithm="http://www.w3.org/2000/09/xmldsig#rsa-sha1" /><Reference URI="#Sitecore.xDB.Base"><DigestMethod Algorithm="http://www.w3.org/2000/09/xmldsig#sha1" /><DigestValue>e8VrNoAGjEe7WYgY0PexYh6Ejes=</DigestValue></Reference></SignedInfo><SignatureValue xmlns="http://www.w3.org/2000/09/xmldsig#">lZ2oaylj/nh01FZvbRWLHiBrZ2RrjKbQkBYcLXh/RJiOsmuFrAJGePdpt79iMu91nt1puQbIfRk4ivN82YIrhHreIWiZ15/cooJ8JEI9TKTYxKXR4a/Tedriimo/yXT46UvJYzlVqz/t5fAhO/5bDEYjmtVs4zt9hkDNR7Zihs4=</SignatureValue><KeyInfo xmlns="http://www.w3.org/2000/09/xmldsig#"><KeyValue><RSAKeyValue><Modulus>wRSGFs73V0JMKVVRCX9pEVmluvNojvtDvzHduZ+pX458q9THGbti8zEty6ydF7nxVFCRriONFm6w+PtcZhRT+eXMb21jzY6biII4BXdh91BmVZ96FyYROMnHS6zjfK7+oDbsVV8XWkZ11DiHa+9wySxQcc4fBd23xGYpo52p2fc=</Modulus><Exponent>AQAB</Exponent></RSAKeyValue></KeyValue></KeyInfo><Object Id="Sitecore.xDB.Base" xmlns="http://www.w3.org/2000/09/xmldsig#"><module xmlns=""><idref>20190104055258</idref><name>Sitecore.xDB.Base</name><count>1</count><expiration>20190304T000000</expiration><version>9</version><comment /><licenseagreement>?</licenseagreement></module></Object></Signature><Signature><SignedInfo xmlns="http://www.w3.org/2000/09/xmldsig#"><CanonicalizationMethod Algorithm="http://www.w3.org/TR/2001/REC-xml-c14n-20010315" /><SignatureMethod Algorithm="http://www.w3.org/2000/09/xmldsig#rsa-sha1" /><Reference URI="#Sitecore.JSS"><DigestMethod Algorithm="http://www.w3.org/2000/09/xmldsig#sha1" /><DigestValue>dgz5rB8vl5cvSqunXfMHc/tHAvs=</DigestValue></Reference></SignedInfo><SignatureValue xmlns="http://www.w3.org/2000/09/xmldsig#">dIcvItaYVNwLVx4eqWzD4o9EOKZVA3t2uqvB2JmCYhrphd+ZiujFC+OhbrUWbQQmAx/BR3RmIuLxVg/6nlq7NaCjReklq7APqxmzDcZXzi8UT35R0NPblAaOUFIoVxHjMD0Qga+cnlZBw4VOrLzwxmGCuBSUil4bs56f6awV7tQ=</SignatureValue><KeyInfo xmlns="http://www.w3.org/2000/09/xmldsig#"><KeyValue><RSAKeyValue><Modulus>wRSGFs73V0JMKVVRCX9pEVmluvNojvtDvzHduZ+pX458q9THGbti8zEty6ydF7nxVFCRriONFm6w+PtcZhRT+eXMb21jzY6biII4BXdh91BmVZ96FyYROMnHS6zjfK7+oDbsVV8XWkZ11DiHa+9wySxQcc4fBd23xGYpo52p2fc=</Modulus><Exponent>AQAB</Exponent></RSAKeyValue></KeyValue></KeyInfo><Object Id="Sitecore.JSS" xmlns="http://www.w3.org/2000/09/xmldsig#"><module xmlns=""><idref>20190104055258</idref><name>Sitecore.JSS</name><count>1</count><expiration>20190304T000000</expiration><version>9</version><comment /><licenseagreement>?</licenseagreement></module></Object></Signature><Signature><SignedInfo xmlns="http://www.w3.org/2000/09/xmldsig#"><CanonicalizationMethod Algorithm="http://www.w3.org/TR/2001/REC-xml-c14n-20010315" /><SignatureMethod Algorithm="http://www.w3.org/2000/09/xmldsig#rsa-sha1" /><Reference URI="#Sitecore.SFMC"><DigestMethod Algorithm="http://www.w3.org/2000/09/xmldsig#sha1" /><DigestValue>Qm2e7wGEHukXBznUmG/vlKKGJHQ=</DigestValue></Reference></SignedInfo><SignatureValue xmlns="http://www.w3.org/2000/09/xmldsig#">cn8LNCv6L02w4y+FPYlWZZ5rolXA3L3glEDUD6bxp7lsbmBptuuDuc3dK/dsqPJ64JPRPDxeb4Y6Gt1PyLvqibQgyJ20KVTTDrF5f0UtVa92LWiOzCAxqVg6dVtMQQoUFRd4PMGxl04lydWScWc4jUzTj6C9VCgYJ1KTiVUSW2g=</SignatureValue><KeyInfo xmlns="http://www.w3.org/2000/09/xmldsig#"><KeyValue><RSAKeyValue><Modulus>wRSGFs73V0JMKVVRCX9pEVmluvNojvtDvzHduZ+pX458q9THGbti8zEty6ydF7nxVFCRriONFm6w+PtcZhRT+eXMb21jzY6biII4BXdh91BmVZ96FyYROMnHS6zjfK7+oDbsVV8XWkZ11DiHa+9wySxQcc4fBd23xGYpo52p2fc=</Modulus><Exponent>AQAB</Exponent></RSAKeyValue></KeyValue></KeyInfo><Object Id="Sitecore.SFMC" xmlns="http://www.w3.org/2000/09/xmldsig#"><module xmlns=""><idref>20190104055258</idref><name>Sitecore.SFMC</name><count>1</count><expiration>20190304T000000</expiration><version>9</version><comment /><licenseagreement>?</licenseagreement></module></Object></Signature></signedlicense>